City_ID,City,Country,Date,Lat,Lng,Max Temp,Humidity,Cloudiness,Wind Speed
0,Coihaique,CL,2022-12-15 17:20:18,-45.5752,-72.0662,63.21,51,40,6.91
1,Chokurdakh,RU,2022-12-15 17:20:20,70.6333,147.9167,-37.98,100,86,4.74
2,Shumskiy,RU,2022-12-15 17:20:22,54.8318,99.1328,0.43,87,100,2.24
3,Kruisfontein,ZA,2022-12-15 17:20:22,-34.0033,24.7314,72.88,75,0,6.98
4,Ushuaia,AR,2022-12-15 17:16:49,-54.8,-68.3,56.86,58,40,3.44
5,Kattivakkam,IN,2022-12-15 17:20:24,13.2167,80.3167,77.09,75,73,7.92
6,Ewa Beach,US,2022-12-15 17:20:25,21.3156,-158.0072,71.55,87,0,4.61
7,Pechenga,RU,2022-12-15 17:20:26,69.5259,31.1703,7.05,90,100,10.38
8,East London,ZA,2022-12-15 17:15:47,-33.0153,27.9116,70.74,94,40,5.75
9,Nador,MA,2022-12-15 17:20:27,35.174,-2.9287,59.25,72,0,3.44
10,Otane,NZ,2022-12-15 17:20:28,-39.8833,176.6333,60.01,99,90,3.36
11,Bluff,NZ,2022-12-15 17:20:29,-46.6,168.3333,55.22,91,98,2.8
12,Kahului,US,2022-12-15 17:20:31,20.8947,-156.47,72.84,87,0,5.99
13,Roma,US,2022-12-15 17:20:32,43.2128,-75.4557,35.82,78,0,26.46
14,Avarua,CK,2022-12-15 17:20:32,-21.2078,-159.775,77.05,88,75,17.27
15,Inirida,CO,2022-12-15 17:20:33,3.8653,-67.9239,91.87,48,83,1.52
16,Albany,US,2022-12-15 17:20:33,42.6001,-73.9662,34.66,75,100,1.99
17,Carnarvon,AU,2022-12-15 17:20:34,-24.8667,113.6333,71.96,73,0,20.22
18,Novyy Svit,UA,2022-12-15 17:20:35,47.8059,38.0211,33.28,75,100,14.03
19,Snihurivka,UA,2022-12-15 17:20:35,47.0758,32.8052,37.35,97,100,12.17
20,Aswan,EG,2022-12-15 17:20:36,24.0934,32.907,71.01,31,0,11.39
21,Malartic,CA,2022-12-15 17:20:36,48.1335,-78.1328,30.31,83,58,13.22
22,Tuatapere,NZ,2022-12-15 17:20:36,-46.1333,167.6833,54.7,97,75,2.48
23,Hobart,AU,2022-12-15 17:20:07,-42.8794,147.3294,50.25,90,100,10.36
24,Camacha,PT,2022-12-15 17:20:37,33.0833,-16.3333,60.22,77,40,20.71
25,Los Andes,CL,2022-12-15 17:20:37,-32.8337,-70.5983,94.01,11,0,7.78
26,Mataura,NZ,2022-12-15 17:20:38,-46.1927,168.8643,53.62,98,91,0.29
27,Atuona,PF,2022-12-15 17:20:38,-9.8,-139.0333,77.54,78,20,19.35
28,Rikitea,PF,2022-12-15 17:20:39,-23.1203,-134.9692,73.67,75,99,4.03
29,Sovetskiy,RU,2022-12-15 17:20:39,61.3614,63.5842,11.07,88,100,10.2
30,Sayyan,YE,2022-12-15 17:20:39,15.1718,44.3244,52.63,43,50,4.36
31,Jibuti,DJ,2022-12-15 17:20:40,11.5,42.5,71.92,64,9,14.88
32,Arraial Do Cabo,BR,2022-12-15 17:20:40,-22.9661,-42.0278,82.36,61,20,17.27
33,Dikson,RU,2022-12-15 17:20:41,73.5069,80.5464,4.66,87,100,19.3
34,Narsaq,GL,2022-12-15 17:20:41,60.9167,-46.05,16.02,72,99,5.59
35,New Norfolk,AU,2022-12-15 17:20:41,-42.7826,147.0587,49.91,74,99,1.99
36,Kyaukse,MM,2022-12-15 17:20:42,21.6,96.1333,70.05,75,1,3.24
37,Mananjary,MG,2022-12-15 17:20:42,-21.2167,48.3333,76.51,82,66,8.43
38,Hermanus,ZA,2022-12-15 17:20:43,-34.4187,19.2345,76.8,77,26,16.84
39,Jamestown,US,2022-12-15 17:20:43,42.097,-79.2353,37.02,72,100,16.11
40,Puerto Ayora,EC,2022-12-15 17:20:43,-0.7393,-90.3518,82.36,90,82,4.0
41,Sao Filipe,CV,2022-12-15 17:20:44,14.8961,-24.4956,80.83,59,20,10.54
42,Cidreira,BR,2022-12-15 17:21:44,-30.1811,-50.2056,77.95,64,8,13.2
43,Punta Arenas,CL,2022-12-15 17:20:28,-53.15,-70.9167,60.82,58,75,19.57
44,Cape Town,ZA,2022-12-15 17:18:09,-33.9258,18.4232,86.41,65,0,16.11
45,Castro,BR,2022-12-15 17:21:45,-24.7911,-50.0119,76.6,51,3,5.48
46,Gizo,SB,2022-12-15 17:21:45,-8.103,156.8419,81.5,73,88,1.83
47,Georgetown,MY,2022-12-15 17:21:45,5.4112,100.3354,82.24,87,20,3.44
48,Umea,SE,2022-12-15 17:18:28,63.8284,20.2597,10.13,83,22,6.15
49,Namatanai,PG,2022-12-15 17:21:46,-3.6667,152.4333,78.85,82,98,2.95
50,Kashi,CN,2022-12-15 17:21:46,39.4547,75.9797,27.61,46,89,6.71
51,Muros,ES,2022-12-15 17:21:46,42.7762,-9.0603,56.08,92,100,9.98
52,Port Alfred,ZA,2022-12-15 17:21:47,-33.5906,26.891,71.19,91,0,1.99
53,Lebu,CL,2022-12-15 17:18:00,-37.6167,-73.65,62.96,72,54,24.67
54,Tigil,RU,2022-12-15 17:21:47,57.8,158.6667,28.96,70,89,18.25
55,Saint-Augustin,CA,2022-12-15 17:21:47,51.226,-58.6502,33.08,70,67,19.1
56,Hirara,JP,2022-12-15 17:21:48,24.8,125.2833,73.18,79,100,21.94
57,Butaritari,KI,2022-12-15 17:21:48,3.0707,172.7902,80.46,75,95,6.71
58,Xuanzhou,CN,2022-12-15 17:21:48,30.9525,118.7553,45.1,66,100,7.81
59,Qaanaaq,GL,2022-12-15 17:21:49,77.484,-69.3632,18.52,73,100,8.7
60,Castilho,BR,2022-12-15 17:21:49,-20.8722,-51.4875,90.21,44,14,3.2
61,Eureka,US,2022-12-15 17:21:49,40.8021,-124.1637,38.75,63,11,4.23
62,Shuya,RU,2022-12-15 17:21:50,56.8487,41.3883,16.97,94,94,8.28
63,Severo-Kurilsk,RU,2022-12-15 17:21:50,50.6789,156.125,26.56,68,92,27.89
64,Busselton,AU,2022-12-15 17:21:50,-33.65,115.3333,60.85,65,0,15.43
65,Road Town,VG,2022-12-15 17:21:51,18.4167,-64.6167,84.24,70,20,8.05
66,Mackay,AU,2022-12-15 17:19:37,-21.15,149.2,73.69,76,7,9.08
67,Cherskiy,RU,2022-12-15 17:21:51,68.75,161.3,-45.89,100,52,2.04
68,Caravelas,BR,2022-12-15 17:21:51,-17.7125,-39.2481,68.07,97,100,5.75
69,Hilo,US,2022-12-15 17:19:19,19.7297,-155.09,71.26,85,100,9.22
70,Khatanga,RU,2022-12-15 17:21:52,71.9667,102.5,-27.51,100,99,4.7
71,Ouricuri,BR,2022-12-15 17:21:52,-7.8825,-40.0817,93.69,28,78,1.95
72,Ancud,CL,2022-12-15 17:21:52,-41.8697,-73.8203,61.0,57,90,9.42
73,Cocorit,MX,2022-12-15 17:21:53,27.5833,-109.9667,57.54,21,24,5.84
74,Kamiiso,JP,2022-12-15 17:21:53,41.8167,140.65,25.77,70,100,19.35
75,Mahebourg,MU,2022-12-15 17:21:53,-20.4081,57.7,77.29,78,40,8.05
76,Faya,SA,2022-12-15 17:21:54,18.3851,42.4509,57.31,72,69,3.87
77,Maceio,BR,2022-12-15 17:20:30,-9.6658,-35.7353,90.84,51,0,12.66
78,Ahuimanu,US,2022-12-15 17:21:54,21.4447,-157.8378,71.31,82,0,0.0
79,Callaway,US,2022-12-15 17:21:55,30.153,-85.5699,62.98,59,0,11.5
80,Torbay,CA,2022-12-15 17:21:55,47.6666,-52.7314,39.58,97,100,23.02
81,Esperance,AU,2022-12-15 17:21:55,-33.8667,121.9,58.51,79,5,12.75
82,Maragogi,BR,2022-12-15 17:21:56,-9.0122,-35.2225,84.4,59,56,13.87
83,Bilma,NE,2022-12-15 17:21:56,18.6853,12.9164,76.95,14,69,8.68
84,Kalmunai,LK,2022-12-15 17:21:57,7.4167,81.8167,76.41,79,73,7.67
85,Aklavik,CA,2022-12-15 17:21:57,68.2191,-135.0107,-10.77,92,5,7.63
86,Ust-Kuyga,RU,2022-12-15 17:21:57,70.0167,135.6,-48.66,100,96,3.91
87,Araouane,ML,2022-12-15 17:21:58,18.9048,-3.5265,82.06,9,0,5.21
88,Kodiak,US,2022-12-15 17:21:58,57.79,-152.4072,42.31,81,100,8.05
89,Bambous Virieux,MU,2022-12-15 17:22:58,-20.3428,57.7575,77.25,78,40,8.05
90,Ukiah,US,2022-12-15 17:22:59,39.1502,-123.2078,43.65,93,75,0.0
91,Pombas,CV,2022-12-15 17:22:59,17.1503,-25.0201,78.58,78,1,13.11
92,Anadyr,RU,2022-12-15 17:22:59,64.75,177.4833,12.7,85,84,17.9
93,Kununurra,AU,2022-12-15 17:22:14,-15.7667,128.7333,76.98,88,54,0.0
94,Tautira,PF,2022-12-15 17:23:00,-17.7333,-149.15,80.37,75,100,16.31
95,Tarakan,ID,2022-12-15 17:23:00,3.3,117.6333,77.67,86,100,6.04
96,Barrow,US,2022-12-15 17:23:00,71.2906,-156.7887,8.62,78,100,8.05
97,Belaya Gora,RU,2022-12-15 17:23:01,68.5333,146.4167,-45.96,100,51,1.23
98,Nioro,GM,2022-12-15 17:23:01,13.35,-15.75,95.9,6,24,9.28
99,Ribeira Brava,PT,2022-12-15 17:23:01,32.65,-17.0667,67.71,72,70,17.27
100,Batemans Bay,AU,2022-12-15 17:23:02,-35.7167,150.1833,57.09,64,84,9.48
101,Port Elizabeth,ZA,2022-12-15 17:23:02,-33.918,25.5701,75.09,87,20,6.91
102,Sitka,US,2022-12-15 17:23:02,57.0531,-135.33,42.69,81,100,9.22
103,Henties Bay,NA,2022-12-15 17:23:03,-22.116,14.2845,65.79,84,20,5.99
104,Gao,ML,2022-12-15 17:23:03,16.6362,1.637,82.6,10,80,9.48
105,Oktyabrskoye,RU,2022-12-15 17:23:04,43.0645,44.7417,33.94,93,100,6.71
106,Kapaa,US,2022-12-15 17:23:04,22.0752,-159.319,67.98,88,0,9.22
107,Bud,US,2022-12-15 17:23:04,39.447,-86.1758,41.41,73,11,14.34
108,Tasiilaq,GL,2022-12-15 17:23:05,65.6145,-37.6368,19.56,62,35,5.55
109,Iturama,BR,2022-12-15 17:20:06,-19.7281,-50.1956,87.44,50,5,4.88
110,Moussoro,TD,2022-12-15 17:23:05,13.6408,16.4901,83.16,10,78,10.42
111,Tuktoyaktuk,CA,2022-12-15 17:23:06,69.4541,-133.0374,-7.6,84,0,10.36
112,Sirajganj,BD,2022-12-15 17:23:06,24.45,89.7167,67.91,44,2,8.75
113,Riyadh,SA,2022-12-15 17:19:44,24.6877,46.7219,68.14,34,13,8.59
114,Hamilton,US,2022-12-15 17:18:50,39.1834,-84.5333,48.83,82,100,13.8
115,Bodden Town,KY,2022-12-15 17:23:07,19.2833,-81.25,84.2,72,20,13.8
116,Padang,ID,2022-12-15 17:23:07,-0.9492,100.3543,75.25,82,94,3.85
117,Ishurdi,BD,2022-12-15 17:23:07,24.1333,89.0833,63.59,31,2,6.91
118,Nong Ki,TH,2022-12-15 17:23:08,14.6868,102.538,66.02,71,12,2.71
119,Vaini,TO,2022-12-15 17:23:08,-21.2,-175.2,77.16,88,75,6.91
120,Upernavik,GL,2022-12-15 17:23:09,72.7868,-56.1549,27.86,79,100,29.86
121,Le Port,RE,2022-12-15 17:23:09,-20.9373,55.2919,78.8,88,94,7.0
122,Ezhou,CN,2022-12-15 17:23:09,30.4,114.8333,52.38,44,100,5.66
123,Mundra,IN,2022-12-15 17:23:10,22.85,69.7333,78.28,34,88,9.42
124,Kavaratti,IN,2022-12-15 17:23:10,10.5669,72.642,81.95,72,6,11.3
125,Korla,CN,2022-12-15 17:23:10,41.7597,86.1469,19.17,68,2,0.85
126,Grand Forks,US,2022-12-15 17:20:33,47.9417,-97.4337,30.13,93,100,26.46
127,Hofn,IS,2022-12-15 17:23:11,64.2539,-15.2082,23.02,46,100,20.71
128,Tandil,AR,2022-12-15 17:23:11,-37.3217,-59.1332,76.68,16,0,16.55
129,Takoradi,GH,2022-12-15 17:23:11,4.8845,-1.7554,82.26,71,25,12.62
130,Xuddur,SO,2022-12-15 17:23:12,4.1213,43.8894,80.44,32,4,8.68
131,Smoky Lake,CA,2022-12-15 17:23:12,54.1169,-112.4686,5.72,92,71,0.0
132,Wilmington,US,2022-12-15 17:23:10,34.2257,-77.9447,69.94,90,75,10.36
133,Benalla,AU,2022-12-15 17:23:13,-36.55,145.9833,48.85,79,0,8.08
134,Melville,US,2022-12-15 17:20:38,40.7934,-73.4151,41.11,79,75,10.36
135,Trelew,AR,2022-12-15 17:23:13,-43.249,-65.3051,77.56,15,0,11.43
136,Kavieng,PG,2022-12-15 17:23:12,-2.5744,150.7967,81.12,76,93,5.12
137,Yellowknife,CA,2022-12-15 17:23:42,62.456,-114.3525,-12.44,84,40,5.75
138,Livingston,GB,2022-12-15 17:24:14,55.9029,-3.5226,31.1,87,0,4.61
139,Geraldton,AU,2022-12-15 17:24:14,-28.7667,114.6,70.21,78,0,13.8
140,Haifa,IL,2022-12-15 17:24:15,32.8156,34.9892,64.29,88,20,3.44
141,San Joaquin,US,2022-12-15 17:24:15,37.9333,-121.3011,49.48,93,0,5.75
142,Lewistown,US,2022-12-15 17:24:15,40.5992,-77.5714,36.95,93,100,0.0
143,Kostomuksha,RU,2022-12-15 17:24:16,64.571,30.5767,8.89,92,94,13.8
144,Bredasdorp,ZA,2022-12-15 17:24:17,-34.5322,20.0403,71.85,83,39,15.23
145,Lasa,IT,2022-12-15 17:24:17,46.6166,10.7002,38.28,95,100,4.05
146,Puli,TW,2022-12-15 17:24:18,23.9664,120.9695,65.21,76,2,3.44
147,Lompoc,US,2022-12-15 17:24:18,34.6391,-120.4579,56.79,81,0,6.91
148,Novodugino,RU,2022-12-15 17:24:19,55.6305,34.2842,22.06,94,100,15.61
149,Griffith,US,2022-12-15 17:24:20,41.5284,-87.4237,36.9,83,100,17.27
150,Opochka,RU,2022-12-15 17:24:20,56.7105,28.6617,17.37,98,100,0.85
151,Nikolskoye,RU,2022-12-15 17:24:20,59.7035,30.7861,15.69,95,55,5.97
152,Okhotsk,RU,2022-12-15 17:24:21,59.3833,143.3,-2.7,67,100,30.53
153,Meulaboh,ID,2022-12-15 17:24:21,4.1363,96.1285,76.84,89,90,6.76
154,Mar Del Plata,AR,2022-12-15 17:24:22,-38.0023,-57.5575,73.83,57,0,16.11
155,Tortoli,IT,2022-12-15 17:24:22,39.9256,9.6572,64.22,55,20,12.66
156,Teknaf,BD,2022-12-15 17:24:23,20.8624,92.3058,66.31,64,73,8.03
157,Ketchikan,US,2022-12-15 17:24:23,55.3422,-131.6461,37.38,100,100,4.61
158,Ahuatempan,MX,2022-12-15 17:24:24,18.4167,-98.0167,67.8,34,1,3.53
159,Norman Wells,CA,2022-12-15 17:24:24,65.282,-126.8329,3.24,85,75,2.3
160,Thompson,CA,2022-12-15 17:24:24,55.7435,-97.8558,19.56,93,100,4.61
161,Bako,ET,2022-12-15 17:24:25,5.7833,36.5667,68.86,59,71,3.36
162,Clyde River,CA,2022-12-15 17:24:26,70.4692,-68.5914,12.43,79,40,29.93
163,Aklera,IN,2022-12-15 17:24:26,24.4167,76.5667,66.07,44,88,4.27
164,Cuamba,MZ,2022-12-15 17:24:26,-14.8031,36.5372,73.62,86,68,2.46
165,Saint-Philippe,RE,2022-12-15 17:24:27,-21.3585,55.7679,78.39,86,91,13.96
166,Kaitangata,NZ,2022-12-15 17:24:27,-46.2817,169.8464,52.3,98,47,3.27
167,Port Hedland,AU,2022-12-15 17:24:27,-20.3167,118.5667,80.65,61,0,11.5
168,Flin Flon,CA,2022-12-15 17:24:28,54.7682,-101.865,15.64,86,75,13.8
169,Wau,SS,2022-12-15 17:24:28,7.7029,27.9953,84.31,21,17,5.1
170,Taoudenni,ML,2022-12-15 17:24:29,22.6783,-3.9836,86.97,15,0,4.07
171,Lavrentiya,RU,2022-12-15 17:24:29,65.5833,-171.0,-6.39,88,6,4.76
172,Paamiut,GL,2022-12-15 17:24:30,61.994,-49.6678,22.12,63,92,6.76
173,Glinka,RU,2022-12-15 17:24:30,54.6404,32.8781,27.14,95,100,14.97
174,Havelock,US,2022-12-15 17:21:02,34.8791,-76.9013,69.75,90,100,9.22
175,Homer,US,2022-12-15 17:24:30,59.6425,-151.5483,33.67,92,100,5.01
176,Thunder Bay,CA,2022-12-15 17:20:36,48.4001,-89.3168,33.78,100,100,19.57
177,Burns Lake,CA,2022-12-15 17:24:31,54.2331,-125.7533,4.42,98,100,2.08
178,Poum,NC,2022-12-15 17:24:31,-20.2333,164.0167,78.57,69,0,4.81
179,Pevek,RU,2022-12-15 17:24:31,69.7008,170.3133,-35.05,98,19,2.42
180,Ponta Do Sol,PT,2022-12-15 17:24:32,32.6667,-17.1,67.71,72,78,17.29
181,Saskylakh,RU,2022-12-15 17:25:32,71.9167,114.0833,-25.89,100,100,3.15
182,Orocue,CO,2022-12-15 17:25:33,4.7912,-71.3354,90.81,46,38,11.9
183,Broome,US,2022-12-15 17:25:33,42.2506,-75.833,34.7,84,100,19.57
184,Imbituba,BR,2022-12-15 17:25:33,-28.24,-48.6703,78.93,58,0,18.52
185,Manaure,CO,2022-12-15 17:25:34,11.7751,-72.4445,85.8,61,20,23.53
186,Mehamn,NO,2022-12-15 17:25:34,71.0357,27.8492,33.75,86,75,28.77
187,Luanda,AO,2022-12-15 17:25:34,-8.8368,13.2343,79.48,78,25,14.25
188,Paso De Los Toros,UY,2022-12-15 17:25:34,-32.8167,-56.5167,85.96,31,82,15.5
189,Itarema,BR,2022-12-15 17:25:35,-2.9248,-39.9167,87.33,54,100,14.94
190,Rawson,AR,2022-12-15 17:25:35,-43.3002,-65.1023,71.33,27,0,6.64
191,Nishihara,JP,2022-12-15 17:25:36,26.1842,127.7558,67.28,77,100,16.11
192,Walvis Bay,NA,2022-12-15 17:25:36,-22.9575,14.5053,68.95,83,46,10.36
193,Ilulissat,GL,2022-12-15 17:25:36,69.2167,-51.1,26.62,93,75,16.11
194,Bandarbeyla,SO,2022-12-15 17:25:21,9.4942,50.8122,77.22,75,0,21.59
195,Gunjur,GM,2022-12-15 17:25:37,13.2019,-16.7339,86.77,34,7,10.54
196,Mount Isa,AU,2022-12-15 17:25:37,-20.7333,139.5,76.77,13,64,10.36
197,Zhigansk,RU,2022-12-15 17:25:38,66.7697,123.3711,-46.34,100,68,0.38
198,Kendari,ID,2022-12-15 17:25:38,-3.945,122.4989,76.03,92,99,3.13
199,Catanzaro,IT,2022-12-15 17:25:38,38.8908,16.5987,63.75,79,96,0.47
200,Bethel,US,2022-12-15 17:25:39,41.3712,-73.414,38.01,76,100,5.75
201,Rocky Mountain House,CA,2022-12-15 17:25:39,52.3668,-114.9188,12.31,92,96,5.75
202,Lashio,MM,2022-12-15 17:25:39,22.9333,97.75,57.29,98,1,1.1
203,Port Hardy,CA,2022-12-15 17:25:40,50.6996,-127.4199,33.98,100,75,4.61
204,Denpasar,ID,2022-12-15 17:25:40,-8.65,115.2167,78.46,94,20,4.61
205,Nakamura,JP,2022-12-15 17:25:41,32.9833,132.9333,35.11,79,0,5.26
206,Meiganga,CM,2022-12-15 17:25:41,6.5167,14.3,78.85,24,1,4.59
207,Turka,UA,2022-12-15 17:25:41,49.1541,23.0297,27.79,96,100,3.11
208,Kotaparh,IN,2022-12-15 17:25:42,19.15,82.35,69.1,60,2,4.43
209,Deputatskiy,RU,2022-12-15 17:25:42,69.3,139.9,-35.54,98,48,1.01
210,Marsa Matruh,EG,2022-12-15 17:25:42,31.3525,27.2453,67.87,59,2,5.1
211,Mareeba,AU,2022-12-15 17:25:43,-17.0,145.4333,73.44,88,38,2.51
212,Jatiroto,ID,2022-12-15 17:25:43,-7.8833,111.1167,74.28,90,100,1.48
213,Kimberley,ZA,2022-12-15 17:25:43,-28.7323,24.7623,79.59,35,31,8.95
214,Jardim,BR,2022-12-15 17:23:51,-21.4803,-56.1381,101.52,24,2,7.23
215,Codrington,AU,2022-12-15 17:25:44,-38.2667,141.9667,53.37,75,99,13.53
216,Grand Gaube,MU,2022-12-15 17:25:44,-20.0064,57.6608,77.4,76,26,4.0
217,Hovd,MN,2022-12-15 17:25:44,48.0056,91.6419,-3.95,62,2,6.04
218,Melbu,NO,2022-12-15 17:25:45,68.5044,14.8297,28.22,93,100,21.85
219,Hopatcong,US,2022-12-15 17:25:45,40.9329,-74.6593,35.74,80,100,4.61
220,Taree,AU,2022-12-15 17:25:45,-31.9,152.4667,59.05,82,93,3.4
221,Kitgum,UG,2022-12-15 17:25:45,3.2783,32.8867,78.78,46,68,4.83
222,Sorland,NO,2022-12-15 17:25:46,67.667,12.6934,33.66,51,100,22.55
223,Havoysund,NO,2022-12-15 17:25:46,70.9963,24.6622,35.83,79,100,28.7
224,Vucje,RS,2022-12-15 17:25:46,42.8653,21.9114,47.95,93,91,4.65
225,Rocha,UY,2022-12-15 17:25:47,-34.4833,-54.3333,66.27,91,100,11.9
226,Beaverlodge,CA,2022-12-15 17:25:47,55.2166,-119.4361,6.15,89,56,4.54
227,Yemtsa,RU,2022-12-15 17:25:47,63.0734,40.3329,18.21,86,100,13.24
228,Kathmandu,NP,2022-12-15 17:25:45,27.7167,85.3167,52.02,82,75,4.61
229,Pisco,PE,2022-12-15 17:26:48,-13.7,-76.2167,75.25,73,0,9.22
230,Santona,ES,2022-12-15 17:26:48,43.4439,-3.4576,57.6,81,100,8.25
231,Beringovskiy,RU,2022-12-15 17:26:49,63.05,179.3167,16.41,93,100,7.29
232,Elat,IL,2022-12-15 17:26:49,29.5581,34.9482,69.64,46,0,11.5
233,Preeceville,CA,2022-12-15 17:26:49,51.95,-102.6677,11.64,90,91,13.09
234,Emba,KZ,2022-12-15 17:26:50,48.8264,58.1442,12.88,81,7,5.61
235,Centralia,US,2022-12-15 17:24:05,46.7162,-122.9543,33.62,97,18,2.3
236,Sao Mateus,BR,2022-12-15 17:26:50,-18.7161,-39.8589,68.49,94,100,2.53
237,Puerto Parra,CO,2022-12-15 17:26:50,6.6515,-74.0573,89.76,58,71,1.03
238,Tual,ID,2022-12-15 17:26:51,-5.6667,132.75,83.01,76,100,13.38
239,Prince Albert,CA,2022-12-15 17:22:00,53.2001,-105.7677,8.55,78,75,6.91
240,Leningradskiy,RU,2022-12-15 17:26:51,69.3833,178.4167,-26.77,92,43,4.5
241,Tyssedal,NO,2022-12-15 17:26:52,60.1165,6.562,27.88,59,1,3.8
242,Bismarck,US,2022-12-15 17:25:02,46.8083,-100.7837,15.87,87,100,25.32
243,Areia Branca,BR,2022-12-15 17:26:52,-4.9561,-37.1369,95.2,59,98,16.93
244,Majalgaon,IN,2022-12-15 17:26:52,19.15,76.2333,76.75,62,92,4.72
245,Faanui,PF,2022-12-15 17:26:53,-16.4833,-151.75,80.1,77,64,17.56
246,Kapit,MY,2022-12-15 17:26:53,2.0167,112.9333,73.29,99,100,1.88
247,Bom Jesus,BR,2022-12-15 17:26:54,-9.0744,-44.3586,85.37,54,97,1.45
248,Gurupa,BR,2022-12-15 17:26:54,-1.405,-51.64,95.85,35,100,3.22
249,Constitucion,CL,2022-12-15 17:26:54,-35.3333,-72.4167,73.65,51,3,19.64
250,Dalbandin,PK,2022-12-15 17:26:55,28.8947,64.4101,53.35,20,0,5.55
251,Plakhtiyivka,UA,2022-12-15 17:26:55,46.1006,29.7217,41.88,94,84,9.75
252,Gold Coast,AU,2022-12-15 17:26:55,-28.0,153.4333,70.0,92,100,8.05
253,Chuy,UY,2022-12-15 17:26:56,-33.6971,-53.4616,77.45,52,100,13.56
254,Kismayo,SO,2022-12-15 17:26:56,-0.3582,42.5454,79.16,77,4,15.26
255,Portland,US,2022-12-15 17:25:39,45.5234,-122.6762,40.1,89,20,5.01
256,Cancun,MX,2022-12-15 17:22:18,21.1743,-86.8466,86.05,66,40,14.97
257,Nabire,ID,2022-12-15 17:25:11,-3.3667,135.4833,76.03,92,96,2.66
258,Gorontalo,ID,2022-12-15 17:26:56,0.5412,123.0595,74.95,96,100,3.44
259,Bansang,GM,2022-12-15 17:26:57,13.4333,-14.65,96.62,6,6,6.55
260,Akdepe,TM,2022-12-15 17:26:19,42.0551,59.3788,32.09,52,72,9.53
261,Huanren,CN,2022-12-15 17:26:57,41.2647,125.3667,2.86,60,0,1.12
262,San Patricio,US,2022-12-15 17:26:58,28.017,-97.5169,70.07,44,0,6.38
263,Berlevag,NO,2022-12-15 17:26:58,70.8578,29.0864,33.8,93,100,17.27
264,Rafsanjan,IR,2022-12-15 17:26:58,30.4067,55.9939,53.24,35,64,3.47
265,Safaga,EG,2022-12-15 17:26:59,26.7292,33.9365,70.14,62,0,13.11
266,Yatou,CN,2022-12-15 17:26:59,37.15,122.3833,25.97,59,100,15.05
267,Saint-Ambroise,CA,2022-12-15 17:26:59,48.5501,-71.3324,37.58,70,27,7.29
268,Sungairaya,ID,2022-12-15 17:27:00,0.7,108.9,76.87,89,99,4.34
269,Pangoa,PE,2022-12-15 17:27:00,-12.1167,-73.0,77.58,93,99,2.35
270,Brae,GB,2022-12-15 17:27:00,60.3964,-1.353,38.01,64,97,11.5
271,Sibolga,ID,2022-12-15 17:27:01,1.7427,98.7792,75.97,85,84,3.15
272,Craig,US,2022-12-15 17:27:01,40.5153,-107.5464,19.02,85,100,0.0
273,Coquimbo,CL,2022-12-15 17:27:01,-29.9533,-71.3436,67.73,72,20,17.27
274,Lata,PT,2022-12-15 17:28:02,40.1629,-8.3327,54.07,92,47,4.54
275,Ilinskiy,RU,2022-12-15 17:28:02,55.619,38.1182,20.52,93,100,13.42
276,Somanda,TZ,2022-12-15 17:28:02,-3.3667,33.95,71.6,66,37,6.78
277,Harper,LR,2022-12-15 17:28:03,4.375,-7.7169,81.68,71,32,9.37
278,Mbandaka,CD,2022-12-15 17:28:03,0.0487,18.2603,78.51,72,61,1.5
279,Sira,IN,2022-12-15 17:28:04,13.7453,76.9092,66.94,69,21,6.35
280,Kimbe,PG,2022-12-15 17:28:04,-5.5502,150.1429,76.26,91,49,1.41
281,Hajnowka,PL,2022-12-15 17:28:05,52.7433,23.5812,19.17,96,95,5.79
282,Provideniya,RU,2022-12-15 17:28:05,64.3833,-173.3,0.25,86,33,4.36
283,Beroroha,MG,2022-12-15 17:28:06,-21.6667,45.1667,74.84,78,64,6.29
284,Greenville,US,2022-12-15 17:25:30,35.6127,-77.3663,59.02,100,100,6.91
285,Bucyrus,US,2022-12-15 17:28:07,40.8084,-82.9755,48.78,80,69,11.59
286,San Quintin,MX,2022-12-15 17:28:08,30.4833,-115.95,57.74,46,71,0.85
287,Fortuna,US,2022-12-15 17:28:08,40.5982,-124.1573,38.98,94,0,10.36
288,Joue-Les-Tours,FR,2022-12-15 17:28:09,47.3522,0.6691,34.14,75,99,10.36
289,Sol-Iletsk,RU,2022-12-15 17:28:11,51.1631,54.9918,13.01,89,86,3.76
290,Beloha,MG,2022-12-15 17:28:11,-25.1667,45.05,71.62,85,100,7.09
291,Cuite,BR,2022-12-15 17:28:12,-6.4836,-36.1536,89.2,28,98,11.18
292,Chapais,CA,2022-12-15 17:28:14,49.7834,-74.8492,28.18,87,6,11.25
293,Labuhan,ID,2022-12-15 17:28:14,-6.8844,112.2051,76.78,90,98,8.46
294,Mosquera,CO,2022-12-15 17:24:02,4.7059,-74.2302,66.0,54,19,3.96
295,Semnan,IR,2022-12-15 17:28:15,35.5729,53.3971,48.04,53,0,2.3
296,Cabo San Lucas,MX,2022-12-15 17:27:25,22.8909,-109.9124,73.51,60,20,3.44
297,Cardston,CA,2022-12-15 17:28:16,49.2,-113.3019,24.89,74,100,9.22
298,Victoria,HK,2022-12-15 17:25:38,22.2855,114.1577,62.33,92,100,1.99
299,Kindu,CD,2022-12-15 17:28:17,-2.95,25.95,75.29,77,90,1.01
300,Airai,TL,2022-12-15 17:28:17,-8.9266,125.4092,60.76,92,100,0.98
301,Crusetu,RO,2022-12-15 17:28:17,44.6333,23.6667,35.38,98,99,2.98
302,Yumen,CN,2022-12-15 17:28:18,40.2833,97.2,8.82,91,100,5.37
303,Nanakuli,US,2022-12-15 17:28:19,21.3906,-158.1547,71.55,81,0,4.61
304,Bairiki,KI,2022-12-15 17:28:19,1.3292,172.9752,79.95,78,54,5.41
305,Pacific Grove,US,2022-12-15 17:27:45,36.6177,-121.9166,50.52,74,99,5.99
306,Hithadhoo,MV,2022-12-15 17:28:21,-0.6,73.0833,81.59,70,11,10.89
307,Atar,MR,2022-12-15 17:28:21,20.5169,-13.0499,89.28,17,0,9.78
308,Tiksi,RU,2022-12-15 17:28:22,71.6872,128.8694,-29.49,100,79,2.15
309,Dvinskoy,RU,2022-12-15 17:28:23,62.1535,45.1175,16.72,90,100,9.13
310,Waingapu,ID,2022-12-15 17:28:23,-9.6567,120.2641,80.85,78,100,2.04
311,Sao Joao Da Barra,BR,2022-12-15 17:28:24,-21.6403,-41.0511,78.89,67,6,10.11
312,Qasigiannguit,GL,2022-12-15 17:28:24,68.8193,-51.1922,26.85,94,100,7.61
313,Bereda,ES,2022-12-15 17:28:25,43.2686,-7.5406,52.57,97,100,2.15
314,Popondetta,PG,2022-12-15 17:28:26,-8.7537,148.2534,74.39,96,100,2.77
315,Arman,RU,2022-12-15 17:28:26,59.7,150.1667,3.02,69,100,22.91
316,Benguela,AO,2022-12-15 17:28:26,-12.5763,13.4055,77.49,74,99,10.0
317,Quatre Cocos,MU,2022-12-15 17:28:27,-20.2078,57.7625,77.11,73,47,12.73
318,Ribeira Grande,PT,2022-12-15 17:28:27,38.5167,-28.7,59.77,72,75,10.0
319,Verkhnevilyuysk,RU,2022-12-15 17:28:27,63.4453,120.3167,-31.41,100,91,3.47
320,Lorengau,PG,2022-12-15 17:28:28,-2.0226,147.2712,81.37,79,100,10.78
321,Matagami,CA,2022-12-15 17:29:28,49.7502,-77.6328,28.51,93,0,10.36
322,Atambua,ID,2022-12-15 17:29:29,-9.1061,124.8925,74.82,86,100,2.06
323,Bonavista,CA,2022-12-15 17:29:29,48.6499,-53.1147,36.66,94,100,36.35
324,Lapua,FI,2022-12-15 17:29:29,62.9693,23.0088,9.28,94,16,5.91
325,Ullapool,GB,2022-12-15 17:29:30,57.8987,-5.1604,29.08,92,92,2.17
326,Saint George,US,2022-12-15 17:25:59,37.1041,-113.5841,39.43,61,0,1.01
327,Nizhniy Ingash,RU,2022-12-15 17:29:30,56.2,96.53,2.25,87,100,5.61
328,Vardo,NO,2022-12-15 17:29:30,70.3705,31.1107,17.58,93,75,25.32
329,Berezovka,BY,2022-12-15 17:29:31,53.7214,25.4993,22.06,93,99,5.73
330,Saint-Joseph,RE,2022-12-15 17:29:31,-21.3667,55.6167,77.38,84,84,9.95
331,Leighton Buzzard,GB,2022-12-15 17:29:31,51.9172,-0.658,32.18,88,0,6.91
332,Sept-Iles,CA,2022-12-15 17:24:35,50.2001,-66.3821,34.23,59,20,11.5
333,Margate,GB,2022-12-15 17:29:32,51.3813,1.3862,34.7,83,2,5.99
334,Kingsland,US,2022-12-15 17:29:32,30.8,-81.6898,71.96,93,98,9.31
335,Yerbogachen,RU,2022-12-15 17:29:33,61.2767,108.0108,-0.4,96,100,11.1
336,Rudiskes,LT,2022-12-15 17:29:33,54.5167,24.8333,19.67,100,98,3.67
337,Christchurch,NZ,2022-12-15 17:26:16,-43.5333,172.6333,60.91,92,100,6.91
338,Mitsamiouli,KM,2022-12-15 17:29:33,-11.3847,43.2844,80.56,78,33,8.41
339,Virtsu,EE,2022-12-15 17:29:34,58.5716,23.5115,28.98,91,100,8.39
340,Turukhansk,RU,2022-12-15 17:29:34,65.8167,87.9833,-0.47,95,100,13.44
341,Onega,RU,2022-12-15 17:29:34,63.9061,38.1404,22.21,90,100,12.95
342,Pringsewu,ID,2022-12-15 17:29:35,-5.3582,104.9744,74.1,94,100,0.78
343,Haines Junction,CA,2022-12-15 17:29:35,60.7522,-137.5108,33.75,60,97,10.36
344,Bilibino,RU,2022-12-15 17:29:35,68.0546,166.4372,-25.17,85,90,4.81
345,Bengkulu,ID,2022-12-15 17:29:36,-3.8004,102.2655,76.53,87,99,4.72
346,Manggar,ID,2022-12-15 17:29:36,-2.8833,108.2667,79.02,85,100,5.7
347,Bubaque,GW,2022-12-15 17:29:36,11.2833,-15.8333,82.65,48,0,9.91
348,Litovko,RU,2022-12-15 17:29:37,49.2361,135.1742,-14.35,94,100,4.54
349,Harrison,US,2022-12-15 17:29:37,30.4091,-89.0436,59.02,44,0,11.5
350,Thai Binh,VN,2022-12-15 17:29:38,20.45,106.3333,63.32,67,4,4.05
351,Erzin,TR,2022-12-15 17:29:38,36.9559,36.2,58.41,77,92,4.23
352,Acheng,CN,2022-12-15 17:29:38,45.5454,126.977,-5.49,71,1,6.29
353,Adrar,MR,2022-12-15 17:29:39,20.5022,-10.0711,84.96,18,0,5.84
354,Hualmay,PE,2022-12-15 17:29:39,-11.0964,-77.6139,75.31,69,99,9.37
355,Katsuura,JP,2022-12-15 17:29:39,35.1333,140.3,47.75,46,0,3.09
356,Nguruka,TZ,2022-12-15 17:29:40,-5.1092,31.0419,64.56,94,52,1.45
357,Elk City,US,2022-12-15 17:29:40,35.412,-99.4043,41.22,42,0,17.27
358,Voh,NC,2022-12-15 17:29:40,-20.9667,164.7,76.1,81,26,2.19
359,Kyra,RU,2022-12-15 17:29:41,49.5776,111.9753,-9.62,68,35,13.47
360,Sungurlu,TR,2022-12-15 17:29:41,40.1675,34.3739,51.26,80,80,4.05
361,Sorong,ID,2022-12-15 17:29:41,-0.8833,131.25,78.4,84,76,1.88
362,Cirie,IT,2022-12-15 17:29:42,45.2351,7.5988,38.73,88,100,2.3
363,Kintampo,GH,2022-12-15 17:29:42,8.0563,-1.7306,91.92,14,4,3.44
364,Obihiro,JP,2022-12-15 17:29:42,42.9172,143.2044,19.89,55,0,19.44
365,Bathsheba,BB,2022-12-15 17:30:43,13.2167,-59.5167,86.61,84,40,19.57
366,Orotukan,RU,2022-12-15 17:30:43,62.2667,151.7,-22.92,100,100,6.93
367,Kaeo,NZ,2022-12-15 17:30:43,-35.1,173.7833,63.88,92,92,4.05
368,Muravlenko,RU,2022-12-15 17:30:44,63.7898,74.523,5.14,76,85,19.98
369,Srednekolymsk,RU,2022-12-15 17:30:44,67.45,153.6833,-43.35,100,78,6.87
370,Terra Santa,BR,2022-12-15 17:30:44,-2.1042,-56.4869,98.06,30,86,4.9
371,Kulykiv,UA,2022-12-15 17:30:45,50.3142,24.8176,23.23,97,58,3.53
372,Burnie,AU,2022-12-15 17:30:45,-41.0667,145.9167,46.94,75,1,4.41
373,Guerrero Negro,MX,2022-12-15 17:27:32,27.9769,-114.0611,58.17,38,80,2.89
374,Felanitx,ES,2022-12-15 17:30:45,39.4696,3.1483,61.95,81,87,15.17
375,General Teran,MX,2022-12-15 17:30:46,25.2667,-99.6833,71.22,25,0,9.66
376,Vaitape,PF,2022-12-15 17:30:46,-16.5167,-151.75,80.35,76,68,16.08
377,Awjilah,LY,2022-12-15 17:30:46,29.1081,21.2869,72.09,35,0,7.92
378,Boa Vista,BR,2022-12-15 17:30:47,2.8197,-60.6733,87.78,51,75,16.11
379,Gonen,TR,2022-12-15 17:30:47,40.1049,27.654,58.96,84,68,6.53
380,George Town,MY,2022-12-15 17:30:17,5.4112,100.3354,82.24,90,20,3.44
381,Qandala,SO,2022-12-15 17:30:48,11.472,49.8728,75.88,76,11,6.69
382,Maturin,VE,2022-12-15 17:30:48,9.75,-63.1767,84.04,94,38,8.05
383,Oranjemund,NA,2022-12-15 17:30:48,-28.55,16.4333,69.4,85,7,7.0
384,Vung Tau,VN,2022-12-15 17:30:49,10.346,107.0843,77.85,76,17,5.84
385,Marawi,PH,2022-12-15 17:30:49,7.9986,124.2928,67.8,85,100,1.5
386,Conroe,US,2022-12-15 17:30:50,30.3119,-95.456,61.86,42,0,0.0
387,Pochutla,MX,2022-12-15 17:30:50,15.7432,-96.4661,85.82,46,3,6.82
388,Porto Da Folha,BR,2022-12-15 17:30:50,-9.9172,-37.2783,99.72,22,98,3.2
389,Tornio,FI,2022-12-15 17:30:51,65.8481,24.1466,5.02,92,82,3.11
390,Ulladulla,AU,2022-12-15 17:30:51,-35.35,150.4667,53.94,61,98,12.77
391,Longyearbyen,SJ,2022-12-15 17:30:51,78.2186,15.6401,4.84,72,40,10.36
392,Otaru,JP,2022-12-15 17:30:52,43.1894,141.0022,21.02,80,100,27.76
393,Gombong,ID,2022-12-15 17:30:52,-7.6072,109.5142,76.55,89,99,2.42
394,Avera,US,2022-12-15 17:30:53,33.194,-82.5271,56.71,69,79,13.18
395,Brumado,BR,2022-12-15 17:30:53,-14.2036,-41.6653,70.92,91,100,3.31
396,Vestmannaeyjar,IS,2022-12-15 17:30:54,63.4427,-20.2734,27.59,80,75,17.27
397,Murgab,TM,2022-12-15 17:30:54,37.4966,61.9714,48.07,66,0,0.0
398,Katherine,AU,2022-12-15 17:30:54,-14.4667,132.2667,82.72,65,40,6.91
399,Hasaki,JP,2022-12-15 17:30:55,35.7333,140.8333,34.2,44,5,5.37
400,Goderich,CA,2022-12-15 17:30:55,43.7501,-81.7165,35.91,86,100,24.16
401,Metro,ID,2022-12-15 17:30:55,-5.1131,105.3067,75.4,87,99,2.98
402,Bethanien,NA,2022-12-15 17:30:56,-26.502,17.1583,77.13,41,1,20.58
403,La Baule-Escoublac,FR,2022-12-15 17:30:56,47.2922,-2.364,39.22,53,0,17.27
404,Ponta Delgada,PT,2022-12-15 17:30:57,37.7333,-25.6667,61.5,63,20,10.36
405,Hambantota,LK,2022-12-15 17:30:57,6.1241,81.1185,74.97,83,80,9.46
406,Dawlatabad,AF,2022-12-15 17:30:57,36.4141,64.9053,50.09,35,81,2.93
407,Piste,MX,2022-12-15 17:29:01,20.7,-88.5833,86.05,70,75,6.91
408,Huarmey,PE,2022-12-15 17:30:58,-10.0681,-78.1522,74.93,72,83,10.0
409,Ankang,CN,2022-12-15 17:30:58,32.68,109.0172,43.09,69,100,7.58
410,Pangnirtung,CA,2022-12-15 17:30:59,66.1451,-65.7125,23.0,93,100,16.11
411,Jalu,LY,2022-12-15 17:30:59,29.0331,21.5482,71.29,34,0,8.3
412,Mayo,US,2022-12-15 17:32:00,38.8876,-76.5119,40.39,94,100,10.36
413,Touros,BR,2022-12-15 17:32:00,-5.1989,-35.4608,84.2,59,100,12.91
414,Funtua,NG,2022-12-15 17:32:00,11.5233,7.3081,73.85,17,34,10.0
415,Komsomolskiy,UZ,2022-12-15 17:32:01,40.4272,71.7189,32.72,93,12,4.61
416,Tomohon,ID,2022-12-15 17:32:01,1.3346,124.8392,66.74,95,92,2.37
417,Byron Bay,AU,2022-12-15 17:30:19,-28.65,153.6167,62.71,64,98,5.5
418,Manoel Urbano,BR,2022-12-15 17:32:02,-8.8389,-69.2597,93.88,40,93,4.05
419,Pacifica,US,2022-12-15 17:29:48,37.6138,-122.4869,51.17,73,75,8.99
420,Taltal,CL,2022-12-15 17:31:32,-25.4,-70.4833,71.11,69,53,7.36
421,Whitefish,US,2022-12-15 17:31:28,48.4111,-114.3376,25.2,93,100,0.0
422,Wanning,CN,2022-12-15 17:32:03,18.8003,110.3967,66.27,92,100,9.95
423,Petauke,ZM,2022-12-15 17:32:04,-14.2426,31.3253,68.47,89,90,7.16
424,Petropavlovsk-Kamchatskiy,RU,2022-12-15 17:32:04,53.0452,158.6483,21.79,74,75,6.71
425,Sur,OM,2022-12-15 17:32:05,22.5667,59.5289,74.01,48,12,10.22
426,Talpa,MX,2022-12-15 17:32:06,28.8257,-111.6257,58.55,44,35,1.01
427,Daru,PG,2022-12-15 17:32:07,-9.0763,143.2092,78.93,89,96,4.74
428,Klaksvik,FO,2022-12-15 17:32:07,62.2266,-6.589,29.32,61,100,13.33
429,Ca Mau,VN,2022-12-15 17:32:08,9.1769,105.15,73.94,86,13,0.51
430,Chanderi,IN,2022-12-15 17:32:08,24.7167,78.1333,60.1,45,69,1.95
431,The Valley,AI,2022-12-15 17:32:09,18.217,-63.0578,85.86,78,40,12.66
432,Busembatia,UG,2022-12-15 17:32:09,0.7697,33.6131,68.99,71,35,4.61
433,Waitati,NZ,2022-12-15 17:32:09,-45.75,170.5667,57.79,96,25,3.29
434,Pemangkat,ID,2022-12-15 17:32:10,1.1667,108.9667,78.17,82,100,5.61
435,Kathu,TH,2022-12-15 17:32:11,7.9178,98.3332,76.82,83,62,12.37
436,Jala,MX,2022-12-15 17:32:11,21.0833,-104.4333,79.36,22,19,0.4
437,Canutama,BR,2022-12-15 17:32:12,-6.5339,-64.3831,87.33,62,65,0.54
438,Namibe,AO,2022-12-15 17:32:13,-15.1961,12.1522,71.29,73,100,11.95
439,Nanortalik,GL,2022-12-15 17:32:13,60.1432,-45.2371,23.38,78,99,6.49
440,Ternate,ID,2022-12-15 17:32:14,0.8,127.4,79.63,80,85,4.03
441,Tiznit,MA,2022-12-15 17:32:14,29.5833,-9.5,58.87,79,95,10.09
442,Malkangiri,IN,2022-12-15 17:32:15,18.35,81.9,75.65,67,84,0.89
443,Sharjah,AE,2022-12-15 17:30:19,25.3573,55.4033,76.98,64,0,4.61
444,Praia Da Vitoria,PT,2022-12-15 17:32:17,38.7333,-27.0667,59.25,67,20,2.68
445,Marsh Harbour,BS,2022-12-15 17:32:18,26.5412,-77.0636,77.25,65,0,17.22
446,Rexburg,US,2022-12-15 17:32:14,43.826,-111.7897,18.91,86,100,0.0
447,Buraydah,SA,2022-12-15 17:32:18,26.326,43.975,68.45,39,12,13.04
448,Lushnje,AL,2022-12-15 17:32:19,40.9419,19.705,60.17,86,82,4.59
449,Fairbanks,US,2022-12-15 17:32:19,64.8378,-147.7164,19.36,86,100,5.75
450,Lazaro Cardenas,MX,2022-12-15 17:32:20,17.9583,-102.2,82.13,56,83,2.17
451,Bibiani,GH,2022-12-15 17:32:21,6.4635,-2.3194,82.53,45,26,1.66
452,Isangel,VU,2022-12-15 17:32:21,-19.55,169.2667,73.56,67,0,5.26
453,Tommot,RU,2022-12-15 17:32:22,58.9564,126.2925,-18.76,95,100,7.0
454,Micheweni,TZ,2022-12-15 17:32:22,-4.9667,39.8333,79.93,79,27,11.48
455,El Dorado,US,2022-12-15 17:32:23,38.7666,-120.5177,47.37,64,13,5.82
456,Pangkalanbuun,ID,2022-12-15 17:32:23,-2.6833,111.6167,73.67,98,100,2.46
457,Muisne,EC,2022-12-15 17:32:24,0.6,-80.0333,77.0,77,90,10.09
458,Payo,ID,2022-12-15 17:33:24,-3.7508,103.6372,73.92,97,99,1.95
459,Houston,US,2022-12-15 17:30:33,29.7633,-95.3633,62.26,42,0,4.61
460,Talcahuano,CL,2022-12-15 17:31:32,-36.7167,-73.1167,76.68,47,0,19.57
461,Alice Springs,AU,2022-12-15 17:31:31,-23.7,133.8833,62.15,34,22,5.75
462,Bambari,CF,2022-12-15 17:33:25,5.768,20.6757,84.78,39,50,4.03
463,Samfya,ZM,2022-12-15 17:33:26,-11.3649,29.5565,63.41,95,98,5.08
464,Two Rivers,US,2022-12-15 17:33:26,44.1539,-87.5693,36.09,86,100,8.05
465,Pauini,BR,2022-12-15 17:33:27,-7.7136,-66.9764,86.86,60,70,2.71
466,Augusto Correa,BR,2022-12-15 17:33:27,-1.0217,-46.635,84.67,65,100,5.61
467,Barra Patuca,HN,2022-12-15 17:33:27,15.8,-84.2833,82.85,66,9,9.22
468,Mapiripan,CO,2022-12-15 17:33:28,2.8892,-72.1256,88.68,52,70,9.19
469,Paita,PE,2022-12-15 17:33:28,-5.0892,-81.1144,76.08,65,79,12.28
470,Intipuca,SV,2022-12-15 17:33:28,13.1969,-88.0544,87.98,44,0,1.61
471,Broken Hill,AU,2022-12-15 17:33:29,-31.95,141.4333,54.46,44,0,10.67
472,Lancaster,US,2022-12-15 17:30:12,40.2504,-76.2499,34.83,88,100,5.01
473,Jumla,NP,2022-12-15 17:33:29,29.2747,82.1838,39.74,21,0,5.19
474,Kurilsk,RU,2022-12-15 17:33:30,45.2333,147.8833,24.71,67,100,31.32
475,Koppang,NO,2022-12-15 17:33:30,61.5706,11.0555,9.77,91,29,4.23
476,Sao Gabriel Da Cachoeira,BR,2022-12-15 17:33:30,-0.1303,-67.0892,87.6,70,40,5.75
477,Alofi,NU,2022-12-15 17:33:31,-19.0595,-169.9187,73.29,94,42,2.3
478,Sarangani,PH,2022-12-15 17:33:31,5.4033,125.4636,71.89,90,100,10.18
479,Hami,CN,2022-12-15 17:33:31,42.8,93.45,17.15,50,40,5.19
480,Mastic Beach,US,2022-12-15 17:33:32,40.7668,-72.8521,41.99,79,100,4.0
481,Nome,US,2022-12-15 17:33:32,64.5011,-165.4064,2.1,78,0,5.75
482,Koumac,NC,2022-12-15 17:33:33,-20.5667,164.2833,77.54,75,20,2.84
483,Klimovo,RU,2022-12-15 17:33:33,52.3805,32.1923,30.6,96,100,15.73
484,Nizwa,OM,2022-12-15 17:33:33,22.9333,57.5333,67.69,49,0,2.06
485,Matay,EG,2022-12-15 17:33:34,28.419,30.7792,66.34,46,0,7.83
486,The Pas,CA,2022-12-15 17:33:34,53.8251,-101.2541,19.42,86,100,10.36
487,Rangpur,BD,2022-12-15 17:33:34,25.75,89.25,66.06,37,21,5.91
488,Ndjole,GA,2022-12-15 17:33:35,-0.1783,10.7649,78.39,84,92,3.98
489,Victoria Point,AU,2022-12-15 17:33:35,-27.5833,153.3,69.91,83,45,1.99
490,Te Anau,NZ,2022-12-15 17:33:36,-45.4167,167.7167,57.42,96,84,1.52
491,Pierre,US,2022-12-15 17:33:37,44.3683,-100.351,18.52,88,100,32.21
492,Vicuna,CL,2022-12-15 17:33:37,-30.0319,-70.7081,95.77,25,0,11.21
493,Port Lincoln,AU,2022-12-15 17:33:38,-34.7333,135.8667,58.39,66,69,16.2
494,Vrangel,RU,2022-12-15 17:33:38,42.7297,133.0839,7.95,56,7,17.34
495,Uspenka,UA,2022-12-15 17:33:39,48.3903,39.1619,32.5,79,100,12.77
496,Itoman,JP,2022-12-15 17:33:39,26.1247,127.6694,68.02,77,100,16.11
497,Yulara,AU,2022-12-15 17:33:39,-25.2406,130.9889,71.47,37,100,5.79
498,Yar-Sale,RU,2022-12-15 17:33:40,66.8333,70.8333,13.1,87,100,18.97
499,Kupang,ID,2022-12-15 17:33:40,-10.1667,123.5833,79.38,81,100,2.35
500,Conakry,GN,2022-12-15 17:30:50,9.538,-13.6773,86.07,70,20,9.22
501,Port Blair,IN,2022-12-15 17:33:41,11.6667,92.75,80.64,65,40,4.61
502,Fukue,JP,2022-12-15 17:33:41,32.6881,128.8419,51.26,57,27,8.01
503,Alyangula,AU,2022-12-15 17:33:41,-13.8483,136.4192,83.57,74,82,7.87
504,Jawhar,SO,2022-12-15 17:34:42,2.7809,45.5005,75.45,76,0,14.97
505,Port Augusta,AU,2022-12-15 17:31:36,-32.5,137.7667,57.4,52,0,6.08
506,Atasu,KZ,2022-12-15 17:34:42,48.6814,71.6433,3.25,74,0,9.22
507,Freeport,US,2022-12-15 17:34:42,40.6576,-73.5832,41.29,77,75,10.36
508,San Benito Abad,CO,2022-12-15 17:34:43,8.929,-75.0271,86.32,68,84,1.83
509,Omboue,GA,2022-12-15 17:34:43,-1.5746,9.2618,77.99,84,61,4.88
510,Kamenka,RU,2022-12-15 17:34:43,51.3223,42.7678,20.61,95,99,10.38
511,Dergachi,RU,2022-12-15 17:34:45,51.2328,48.7659,19.92,97,89,5.91
512,Alexandria,EG,2022-12-15 17:30:30,31.2156,29.9553,67.14,79,0,4.61
513,Sijunjung,ID,2022-12-15 17:34:45,-0.6876,100.9537,71.56,97,98,0.31
514,Auki,SB,2022-12-15 17:34:45,-8.7676,160.7034,76.6,86,34,2.06
515,Santhia,IT,2022-12-15 17:34:46,45.3663,8.1726,36.75,100,100,4.21
516,Yamasaki,JP,2022-12-15 17:34:46,35.0,134.55,36.34,73,1,3.71
517,Cachoeiras De Macacu,BR,2022-12-15 17:34:46,-22.4625,-42.6531,81.82,54,12,2.82
518,Strezhevoy,RU,2022-12-15 17:34:47,60.7333,77.5889,-0.9,87,96,7.67
519,Limbang,MY,2022-12-15 17:34:47,4.75,115.0,77.11,97,100,2.59
520,Dong Hoi,VN,2022-12-15 17:34:47,17.4833,106.6,64.38,79,46,3.98
521,San Policarpo,PH,2022-12-15 17:34:48,12.1791,125.5072,81.32,82,100,14.2
522,College,US,2022-12-15 17:34:48,64.8569,-147.8028,19.35,85,100,5.75
523,Nogales,MX,2022-12-15 17:34:48,31.3086,-110.9422,49.01,70,0,0.0
524,Luderitz,NA,2022-12-15 17:34:49,-26.6481,15.1594,68.41,86,6,4.81
525,Innisfail,AU,2022-12-15 17:34:49,-17.5333,146.0333,75.51,95,27,2.91
526,Nemuro,JP,2022-12-15 17:34:50,43.3236,145.575,24.89,54,5,24.05
527,Saint Anthony,US,2022-12-15 17:34:50,45.0205,-93.218,34.66,94,100,5.75
528,Thinadhoo,MV,2022-12-15 17:34:50,0.5333,72.9333,81.23,75,64,9.51
529,Portobelo,PA,2022-12-15 17:34:51,9.55,-79.65,84.11,80,56,7.67
530,Talnakh,RU,2022-12-15 17:34:51,69.4865,88.3972,-0.8,93,100,15.39
531,Malanje,AO,2022-12-15 17:34:51,-9.5402,16.341,64.4,95,94,4.76
532,Druzhba,UA,2022-12-15 17:34:52,52.0428,33.9453,27.7,95,100,17.63
533,Sakaiminato,JP,2022-12-15 17:34:52,35.55,133.2333,42.78,70,75,12.66
534,Manokwari,ID,2022-12-15 17:34:52,-0.8667,134.0833,77.43,83,86,7.43
535,Saldanha,ZA,2022-12-15 17:34:53,-33.0117,17.9442,67.5,90,37,11.88
536,Alekseyevsk,RU,2022-12-15 17:34:53,57.8406,108.3492,-14.91,96,100,7.74
537,La Ronge,CA,2022-12-15 17:34:53,55.1001,-105.2842,3.45,78,75,9.22
538,Tessalit,ML,2022-12-15 17:34:54,20.1986,1.0114,79.02,14,0,8.32
539,Gasa,PS,2022-12-15 17:34:54,31.5,34.4667,60.87,77,2,3.78
540,Maneromango,TZ,2022-12-15 17:34:54,-7.1988,38.7848,72.82,87,21,8.03
541,Caxito,AO,2022-12-15 17:34:55,-8.5785,13.6643,77.67,81,62,5.93
542,Ziro,IN,2022-12-15 17:34:55,27.6333,93.8333,39.31,89,12,1.66
543,Vilhena,BR,2022-12-15 17:34:56,-12.7406,-60.1458,82.62,74,75,16.11
544,Neiafu,TO,2022-12-15 17:34:56,-18.65,-173.9833,75.88,94,75,8.05
545,Dondaicha,IN,2022-12-15 17:34:56,21.3333,74.5667,76.86,62,20,3.44
546,Rivadavia,AR,2022-12-15 17:34:57,-33.1905,-68.4608,86.54,17,0,9.37
547,Ziyang,CN,2022-12-15 17:34:57,29.2497,117.8547,46.71,64,76,3.18
548,Hasbergen,DE,2022-12-15 17:34:58,52.2333,7.9333,28.58,86,8,4.59
549,Mirnyy,RU,2022-12-15 17:34:58,62.5353,113.9611,-8.07,97,100,8.75
550,Bentiu,SS,2022-12-15 17:34:59,9.2333,29.8333,81.93,21,45,4.88
551,Acari,PE,2022-12-15 17:35:59,-15.4311,-74.6158,82.87,57,83,12.35
552,Lagoa,PT,2022-12-15 17:35:59,39.05,-27.9833,53.15,83,100,7.92
553,Valdosta,US,2022-12-15 17:36:00,30.8327,-83.2785,64.31,80,100,10.36
554,Svetlogorsk,BY,2022-12-15 17:36:00,52.6333,29.7333,28.85,91,100,9.93
555,Souillac,MU,2022-12-15 17:36:00,-20.5167,57.5167,77.38,78,40,8.05
556,Lufilufi,WS,2022-12-15 17:36:01,-13.8745,-171.5986,80.38,80,96,21.3
557,Cap Malheureux,MU,2022-12-15 17:36:01,-19.9842,57.6142,77.47,76,26,4.0
558,Iquitos,PE,2022-12-15 17:36:02,-3.7481,-73.2472,87.84,74,75,3.44
559,Maunatlala,BW,2022-12-15 17:36:02,-22.597,27.6301,82.69,43,87,6.35
560,Alakurtti,RU,2022-12-15 17:36:03,66.9672,30.3491,6.28,97,100,3.0
561,Salalah,OM,2022-12-15 17:36:03,17.0151,54.0924,78.89,65,40,1.14
562,Aykhal,RU,2022-12-15 17:36:04,66.0,111.5,-18.26,100,96,5.59
563,Winnemucca,US,2022-12-15 17:36:04,40.973,-117.7357,30.25,86,100,0.0
564,Otatitlan,MX,2022-12-15 17:36:05,18.2,-96.0333,76.24,74,66,5.7
565,Champerico,GT,2022-12-15 17:36:06,14.3,-91.9167,81.54,66,8,7.78
566,Twentynine Palms,US,2022-12-15 17:36:07,34.1356,-116.0542,52.05,40,25,3.0
567,Vila Franca Do Campo,PT,2022-12-15 17:36:08,37.7167,-25.4333,61.2,68,58,4.34
568,Zhovti Vody,UA,2022-12-15 17:36:08,48.3473,33.5003,31.82,97,100,7.11
569,Rosarito,MX,2022-12-15 17:36:10,32.3333,-117.0333,58.24,47,86,2.06
570,Korcula,HR,2022-12-15 17:36:11,42.9622,17.1369,61.05,83,100,23.78
571,Stornoway,GB,2022-12-15 17:36:11,58.2093,-6.3865,32.04,92,40,4.0
572,Noshiro,JP,2022-12-15 17:36:12,40.2039,140.0242,34.21,69,100,22.15
573,Shimoda,JP,2022-12-15 17:36:13,34.6667,138.95,41.11,72,1,19.51
574,Iwanai,JP,2022-12-15 17:36:13,42.9744,140.5089,21.96,72,100,22.21
